<elements>
  <namespace ns="Portable.Licensing.Security.Cryptography">
    <summary><![CDATA[To be added.]]></summary>
    <remarks><![CDATA[To be added.]]></remarks>
  </namespace>
  <namespace ns="Portable.Licensing.Validation">
    <summary><![CDATA[To be added.]]></summary>
    <remarks><![CDATA[To be added.]]></remarks>
  </namespace>
  <namespace ns="Portable.Licensing">
    <summary><![CDATA[To be added.]]></summary>
    <remarks><![CDATA[To be added.]]></remarks>
  </namespace>
</elements>